display_name,entity_kind,cfpb_company_name,fdic_cert,cik,ticker,aliases,seed_status
JPMorgan Chase,bank,"JPMORGAN CHASE & CO.",628,19617,JPM,"jpmorgan|jp morgan|chase|jpmorgan chase & co",verified
Bank of America,bank,"BANK OF AMERICA, NATIONAL ASSOCIATION",3510,70858,BAC,"bofa|bank of america corp|bank of america corporation",verified
Wells Fargo,bank,"WELLS FARGO & COMPANY",3511,72971,WFC,"wells|wells fargo bank|wells fargo & co",verified
Citigroup,bank,"CITIBANK, N.A.",7213,831001,C,"citi|citibank|citigroup inc",verified
U.S. Bancorp,bank,"U.S. BANCORP",6548,36104,USB,"us bank|u.s. bank|us bancorp|usbank",verified
PNC Financial Services,bank,"PNC Bank N.A.",6384,713676,PNC,"pnc|pnc bank|pnc financial",verified
Truist Financial,bank,"TRUIST FINANCIAL CORPORATION",9846,92230,TFC,"truist|truist bank|bb&t|suntrust",verified
Capital One,bank,"CAPITAL ONE FINANCIAL CORPORATION",4297,927628,COF,"capital one bank|capital one financial",verified
TD Bank US,bank,"TD BANK US HOLDING COMPANY",18409,947263,TD,"td bank|td bank n.a.|toronto-dominion",verified
Goldman Sachs,bank,"GOLDMAN SACHS BANK USA",33124,886982,GS,"goldman|goldman sachs group|marcus",verified
Morgan Stanley,bank,"MORGAN STANLEY & CO. LLC",32992,895421,MS,"morgan stanley bank",verified
Ally Financial,bank,"ALLY FINANCIAL INC.",57803,40729,ALLY,"ally|ally bank",verified
Synchrony Financial,bank,"SYNCHRONY FINANCIAL",27314,1601712,SYF,"synchrony|synchrony bank",verified
Discover Financial,bank,"DISCOVER BANK",5649,1393612,DFS,"discover|discover card|discover financial services",verified
American Express,bank,"AMERICAN EXPRESS COMPANY",27471,4962,AXP,"amex|american express national bank",verified
Citizens Financial Group,bank,"CITIZENS FINANCIAL GROUP, INC.",57957,759944,CFG,"citizens|citizens bank",verified
Fifth Third Bancorp,bank,"FIFTH THIRD FINANCIAL CORPORATION",6672,35527,FITB,"fifth third|fifth third bank|53 bank",verified
KeyCorp,bank,"KEYCORP",17534,91576,KEY,"keybank|key bank|keycorp",verified
Regions Financial,bank,"REGIONS FINANCIAL CORPORATION",12368,1281761,RF,"regions|regions bank",verified
M&T Bank,bank,"M&T BANK CORPORATION",588,36270,MTB,"m&t|m and t bank|m&t bank corp",verified
Huntington Bancshares,bank,"HUNTINGTON NATIONAL BANK, THE",6560,49196,HBAN,"huntington|huntington bank|huntington national bank",verified
Charles Schwab,bank,"CHARLES SCHWAB CORPORATION, THE",57450,316709,SCHW,"schwab|charles schwab bank",verified
BMO Financial (US),bank,"BMO HARRIS BANK NATIONAL ASSOCIATION",16571,927971,BMO,"bmo|bmo harris|bmo bank",verified
First Citizens BancShares,bank,"FIRST CITIZENS BANCSHARES, INC.",11063,798941,FCNCA,"first citizens|first citizens bank",verified
Santander (US),bank,"SANTANDER HOLDINGS USA, INC.",29950,891478,SAN,"santander|santander bank|santander consumer",verified
HSBC (US),bank,"HSBC NORTH AMERICA HOLDINGS INC.",57890,1089113,HSBC,"hsbc|hsbc bank usa",verified
Comerica,bank,"Comerica",983,28412,CMA,"comerica bank",verified
Zions Bancorporation,bank,"ZIONS BANCORPORATION",2270,109380,ZION,"zions|zions bank",verified
USAA,bank,"UNITED SERVICES AUTOMOBILE ASSOCIATION",34955,,,"usaa bank|usaa fsb",verified
Navy Federal Credit Union,credit_union,"NAVY FEDERAL CREDIT UNION",,,,"navy federal|nfcu",verified
Barclays (US),bank,"BARCLAYS BANK DELAWARE",57203,312070,BCS,"barclays|barclays bank",verified
Flagstar / New York Community,bank,"Flagstar Bank, N.A.",32541,910073,FLG,"flagstar|new york community bank|nycb",verified
Webster Financial,bank,"WEBSTER BANK, NATIONAL ASSOCIATION",18221,801337,WBS,"webster|webster bank",verified
Western Alliance,bank,"WESTERN ALLIANCE BANCORPORATION",57512,1212545,WAL,"western alliance bank",verified
East West Bancorp,bank,"EAST WEST BANK",31628,1069157,EWBC,"east west bank",verified
Valley National,bank,"VALLEY NATIONAL BANCORP",9396,714310,VLY,"valley national bank|valley bank",verified
Synovus,bank,"Synovus Bank",873,18349,SNV,"synovus bank",verified
Popular (Banco Popular),bank,"BANCO POPULAR DE PUERTO RICO",34967,763901,BPOP,"banco popular|popular inc",verified
Associated Banc-Corp,bank,,5296,7789,ASB,"associated bank",verified
Frost Bank (Cullen/Frost),bank,"CULLEN/FROST BANKERS, INC.",5510,39263,CFR,"frost|cullen/frost|frost bank",verified
Equifax,credit_bureau,"EQUIFAX, INC.",,33185,EFX,"equifax inc",verified
Experian,credit_bureau,"Experian Information Solutions Inc.",,,,"experian information solutions",verified
TransUnion,credit_bureau,"TRANSUNION INTERMEDIATE HOLDINGS, INC.",,1552033,TRU,"transunion llc|trans union",verified
Apple,company,,,320193,AAPL,"apple inc",verified
Microsoft,company,,,789019,MSFT,"microsoft corp|microsoft corporation",verified
Nvidia,company,,,1045810,NVDA,"nvidia corp|nvidia corporation",verified
Alphabet,company,,,1652044,GOOGL,"google|alphabet inc",verified
Amazon,company,,,1018724,AMZN,"amazon.com|amazon.com inc",verified
Meta Platforms,company,,,1326801,META,"facebook|meta",verified
Tesla,company,,,1318605,TSLA,"tesla inc|tesla motors",verified
Berkshire Hathaway,company,,,1067983,BRK-B,"berkshire|berkshire hathaway inc",verified
Johnson & Johnson,company,,,200406,JNJ,"j&j|johnson and johnson",verified
Exxon Mobil,company,,,34088,XOM,"exxon|exxonmobil|exxon mobil corp",verified
Walmart,company,,,104169,WMT,"wal-mart|walmart inc",verified
Procter & Gamble,company,,,80424,PG,"p&g|procter and gamble",verified
UnitedHealth Group,company,,,731766,UNH,"unitedhealth|united health",verified
Visa,company,,,1403161,V,"visa inc",verified
Mastercard,company,,,1141391,MA,"mastercard inc|mastercard incorporated",verified
Home Depot,company,,,354950,HD,"the home depot|home depot inc",verified
Coca-Cola,company,,,21344,KO,"coca cola|the coca-cola company",verified
PepsiCo,company,,,77476,PEP,"pepsi|pepsico inc",verified
Chevron,company,,,93410,CVX,"chevron corp|chevron corporation",verified
Oracle,company,,,1341439,ORCL,"oracle corp|oracle corporation",verified
